<?xml version="1.0" encoding="UTF-8"?>
<project-private xmlns="http://www.netbeans.org/ns/project-private/1">
    <editor-bookmarks xmlns="http://www.netbeans.org/ns/editor-bookmarks/1"/>
    <editor-bookmarks xmlns="http://www.netbeans.org/ns/editor-bookmarks/2" lastBookmarkId="0"/>
    <open-files xmlns="http://www.netbeans.org/ns/projectui-open-files/2">
        <group>
            <file>file:/C:/Users/arthu/OneDrive/Área%20de%20Trabalho/Java%20faculdade/AgendaTel-main/src/connection/ConnectionFactory.java</file>
            <file>file:/C:/Users/arthu/OneDrive/Área%20de%20Trabalho/Java%20faculdade/AgendaTel-main/src/controle/AgendaControle.java</file>
            <file>file:/C:/Users/arthu/OneDrive/Área%20de%20Trabalho/Java%20faculdade/AgendaTel-main/src/controle/TabelaAgendaModelo.java</file>
            <file>file:/C:/Users/arthu/OneDrive/Área%20de%20Trabalho/Java%20faculdade/AgendaTel-main/src/visao/TelaEditarContato.java</file>
            <file>file:/C:/Users/arthu/OneDrive/Área%20de%20Trabalho/Java%20faculdade/AgendaTel-main/src/modelo/Contato.java</file>
            <file>file:/C:/Users/arthu/OneDrive/Área%20de%20Trabalho/Java%20faculdade/AgendaTel-main/src/model/dao/TableDAO.java</file>
            <file>file:/C:/Users/arthu/OneDrive/Área%20de%20Trabalho/Java%20faculdade/AgendaTel-main/src/visao/TelaAgenda.java</file>
        </group>
    </open-files>
</project-private>
